,RMSE,MAE,R2,MAPE,MSE,Training Time
LightGBM,3.993519,2.549767,0.346048,inf,15.948197,0.0
Random Forest,4.470998,2.614396,0.180322,,19.989826,0.0
XGBoost,4.040583,2.481689,0.330544,inf,16.32631,0.0
Linear OLS,4.55453,3.097852,0.149408,inf,20.743747,0.0
Linear Ridge,4.554351,3.097398,0.149475,inf,20.742109,0.0
Linear Lasso,4.551384,3.092802,0.150583,inf,20.715092,0.0
