,RMSE,MAE,R2,MAPE,MSE,Training Time
LightGBM,3.99822,2.549512,0.344508,inf,15.985762,0.0
Random Forest,4.474991,2.616977,0.178857,,20.025542,0.0
XGBoost,4.056177,2.472564,0.325366,inf,16.452571,0.0
Linear OLS,4.554012,3.097238,0.149601,inf,20.739025,0.0
Linear Ridge,4.553837,3.096783,0.149666,inf,20.737436,0.0
Linear Lasso,4.550914,3.092272,0.150758,inf,20.710814,0.0
