,RMSE,MAE,R2,MAPE,MSE,Training Time
LightGBM,1.707235,0.839963,0.889645,inf,2.914651,0.0
Random Forest,1.969019,0.938866,0.853207,,3.877036,0.0
XGBoost,1.563151,0.698056,0.907486,inf,2.443442,0.0
Linear OLS,3.440444,2.102969,0.551838,inf,11.836658,0.0
Linear Ridge,3.439657,2.10231,0.552043,inf,11.831244,0.0
Linear Lasso,3.431119,2.095797,0.554264,inf,11.772578,0.0
