,RMSE,MAE,R2,MAPE,MSE,Training Time
LightGBM,0.361012,0.051697,0.881989,inf,0.130329,0.0
Random Forest,0.357922,0.031874,0.884,,0.128108,0.0
XGBoost,0.335842,0.030461,0.897871,inf,0.11279,0.0
Linear OLS,0.973236,0.370969,0.142335,inf,0.947189,0.0
Linear Ridge,0.973291,0.370787,0.142238,inf,0.947296,0.0
Linear Lasso,0.969968,0.364128,0.148086,inf,0.940838,0.0
