,RMSE,MAE,R2,MAPE,MSE
Linear OLS,36.620879831148365,30.803770008788206,0.5564443962061691,2.6569767834054767,1341.0888396074092
Linear Ridge,35.35939236537949,29.532897359818392,0.5864765822976117,2.545601695660097,1250.2866284488573
Linear Lasso,0.0581214065174667,0.040870890407011924,0.9999988827181261,0.003550109118388955,0.003378097895568621
Random Forest,17.614657093686493,9.991134789977401,0.8973783700494457,0.8436468308163834,310.2761445281598
XGBoost,12.576792447232782,9.312461258532535,0.9476845085045508,0.8113059178710986,158.17570826077153
LightGBM,55.420885008836905,45.28529665818612,-0.01586836308180306,3.933012507021639,3071.474495162723
