,RMSE,MAE,R2,MAPE,MSE,Training Time
LightGBM,3.672567,2.333076,0.489324,inf,13.487746,0.0
Random Forest,3.739971,2.323671,0.470407,,13.987387,0.0
XGBoost,3.49411,2.184626,0.537748,inf,12.208806,0.0
Linear OLS,4.539206,3.015036,0.219872,inf,20.604388,0.0
Linear Ridge,4.538819,3.01455,0.220005,inf,20.600875,0.0
Linear Lasso,4.533363,3.008647,0.221879,inf,20.551379,0.0
